Week,Season,Air Travel,Hotel and Acc,Rail Travel,Shopping,Covid 19,Travel Guides & Travelogues,Car Rental & Taxi Services,Tourist Destinations,Image Search,W1,W2,W3,Weekwise Tourists
03-01-2010,1,0,33,16,36,0,59,0,51,57,-0.90775,0.529753,0.258209,38909.16
10-01-2010,1,0,34,39,0,0,29,0,68,63,-0.50422,0.462215,0.100223,38909.16
17-01-2010,1,0,28,0,0,0,16,0,60,64,-0.46471,-0.39582,0.631128,38909.16
24-01-2010,1,0,0,0,0,0,25,0,47,36,-0.90775,0.529753,0.258209,38909.16
31-01-2010,1,47,42,21,0,0,0,0,38,39,-0.41561,0.431946,0.639136,40242.74
07-02-2010,1,26,30,18,0,0,12,0,34,65,1.04546,0.267741,0.288712,40465
14-02-2010,1,0,43,0,0,0,22,0,53,48,0.585061,0.590708,0.501644,40465
21-02-2010,1,31,59,0,0,0,62,0,56,54,-0.41561,0.431946,0.639136,40465
28-02-2010,1,0,31,0,62,0,0,0,37,72,0.044792,0.108978,0.426204,42353.81
07-03-2010,1,53,34,34,0,0,49,0,62,53,-0.41561,0.431946,0.639136,42668.61
14-03-2010,1,0,100,0,73,0,22,0,65,65,-0.90775,0.529753,0.258209,42668.61
21-03-2010,1,50,69,27,77,0,32,0,77,79,-0.46471,-0.39582,0.631128,42668.61
28-03-2010,1,100,82,0,0,0,31,0,90,75,0.004307,0.718785,-0.4182,60742.06
04-04-2010,2,83,90,0,0,0,15,0,75,40,-0.41561,0.431946,0.639136,84840
11-04-2010,2,0,48,0,52,0,41,0,74,72,-0.46471,-0.39582,0.631128,84840
18-04-2010,2,32,82,0,0,0,61,0,82,86,-0.41561,0.431946,0.639136,84840
25-04-2010,2,35,74,44,0,0,0,0,86,67,-0.46471,-0.39582,0.631128,84643.55
02-05-2010,2,28,71,0,0,0,44,0,61,96,-0.41561,0.431946,0.639136,83464.84
09-05-2010,2,44,75,34,0,0,69,20,72,90,-0.41561,0.431946,0.639136,83464.84
16-05-2010,2,0,63,0,0,0,75,0,73,64,0.585061,0.590708,0.501644,83464.84
23-05-2010,2,0,86,27,0,0,100,21,92,71,0.415607,-0.43195,-0.63914,83464.84
30-05-2010,2,69,57,19,0,0,0,0,87,77,0.415607,-0.43195,-0.63914,91955.93
06-06-2010,2,25,70,0,0,0,0,22,100,76,0.415607,-0.43195,-0.63914,95352.37
13-06-2010,2,89,19,17,0,0,24,0,83,73,0.415607,-0.43195,-0.63914,95352.37
20-06-2010,2,26,68,24,35,0,0,45,65,68,0.044792,0.108978,0.426204,95352.37
27-06-2010,2,0,52,0,0,0,24,0,57,100,-0.41561,0.431946,0.639136,73144.26
04-07-2010,3,0,25,22,32,0,0,21,48,65,-0.41561,0.431946,0.639136,43533.45
11-07-2010,3,0,28,22,0,0,15,0,52,55,-0.90775,0.529753,0.258209,43533.45
18-07-2010,3,0,42,20,0,0,0,0,50,61,-0.41561,0.431946,0.639136,43533.45
25-07-2010,3,0,17,0,0,0,42,0,55,23,-0.41561,0.431946,0.639136,43533.45
01-08-2010,3,0,37,0,0,0,30,0,41,58,-0.41561,0.431946,0.639136,30267.32
08-08-2010,3,37,23,0,0,0,15,0,40,66,-0.41561,0.431946,0.639136,30267.32
15-08-2010,3,0,0,0,45,0,21,0,43,56,-0.50422,0.462215,0.100223,30267.32
22-08-2010,3,0,18,0,0,0,0,0,52,43,-0.44735,0.206785,0.045278,30267.32
29-08-2010,3,0,46,0,57,0,22,0,51,39,-0.55332,-0.36555,0.092215,39612.64
05-09-2010,3,0,25,0,35,0,0,46,47,63,0.585061,0.590708,0.501644,46621.63
12-09-2010,3,23,36,0,76,0,20,0,46,71,-0.41561,0.431946,0.639136,46621.63
19-09-2010,3,0,0,0,0,0,0,0,35,51,-0.50422,0.462215,0.100223,46621.63
26-09-2010,3,0,41,46,68,0,19,0,48,64,-0.41561,0.431946,0.639136,42034.13
03-10-2010,4,0,34,0,36,0,13,0,51,70,0.585061,0.590708,0.501644,30565.39
10-10-2010,4,0,48,0,0,0,0,46,45,41,0.447348,-0.20679,-0.04528,30565.39
17-10-2010,4,28,47,0,0,0,54,26,37,34,0.585061,0.590708,0.501644,30565.39
24-10-2010,4,24,28,0,0,0,0,0,45,58,-0.90775,0.529753,0.258209,30565.39
31-10-2010,4,0,23,0,0,0,0,0,54,24,0.585061,0.590708,0.501644,26070.48
07-11-2010,4,0,36,29,0,0,0,0,53,59,-0.50422,0.462215,0.100223,25321.33
14-11-2010,4,27,30,0,41,0,12,0,55,66,-0.46471,-0.39582,0.631128,25321.33
21-11-2010,4,37,22,0,0,0,27,0,51,51,-0.46471,-0.39582,0.631128,25321.33
28-11-2010,4,0,18,42,33,0,0,34,43,70,-0.50422,0.462215,0.100223,33789.42
05-12-2010,4,24,31,100,0,0,32,0,69,51,-0.50422,0.462215,0.100223,40140.48
12-12-2010,4,0,73,0,100,0,24,100,60,50,0.585061,0.590708,0.501644,40140.48
19-12-2010,4,0,57,0,0,0,0,0,81,54,0.535963,-0.23706,0.493636,40140.48
26-12-2010,4,0,27,0,47,0,22,0,93,64,0.415607,-0.43195,-0.63914,40592.9
02-01-2011,1,31,29,100,52,0,61,0,66,91,-0.46471,-0.39582,0.631128,43307.42
09-01-2011,1,56,60,50,0,0,100,62,64,69,-0.41561,0.431946,0.639136,43307.42
16-01-2011,1,94,37,37,41,0,60,53,46,73,-0.41561,0.431946,0.639136,43307.42
23-01-2011,1,0,40,0,0,0,67,0,48,79,-0.46471,-0.39582,0.631128,43307.42
30-01-2011,1,25,30,15,0,0,22,0,55,58,-0.50422,0.462215,0.100223,44776.94
06-02-2011,1,0,32,64,0,0,49,0,58,63,-0.90775,0.529753,0.258209,45364.75
13-02-2011,1,75,49,0,0,0,77,0,68,61,0.996361,-0.56002,0.280704,45364.75
20-02-2011,1,0,43,24,0,0,39,42,65,85,-0.41561,0.431946,0.639136,45364.75
27-02-2011,1,38,23,17,50,0,20,99,48,77,-0.46471,-0.39582,0.631128,47096.03
06-03-2011,1,69,30,34,24,0,0,93,70,54,-0.41561,0.431946,0.639136,47788.55
13-03-2011,1,0,52,0,46,0,22,0,73,58,-0.41561,0.431946,0.639136,47788.55
20-03-2011,1,100,56,56,40,0,37,68,65,81,0.044792,0.108978,0.426204,47788.55
27-03-2011,1,26,34,37,0,0,42,0,66,74,-0.41561,0.431946,0.639136,61349.28
03-04-2011,2,0,62,49,30,0,44,0,77,79,0.044792,0.108978,0.426204,95251.1
10-04-2011,2,69,50,48,100,0,61,0,81,75,-0.99636,0.560022,-0.2807,95251.1
17-04-2011,2,43,53,31,35,0,76,40,78,90,0.004307,0.718785,-0.4182,95251.1
24-04-2011,2,0,82,20,33,0,49,40,72,87,-0.41561,0.431946,0.639136,95251.1
01-05-2011,2,30,59,0,0,0,60,51,85,88,-0.41561,0.431946,0.639136,90818.68
08-05-2011,2,63,37,28,84,0,42,91,96,82,0.044792,0.108978,0.426204,90818.68
15-05-2011,2,72,100,0,0,0,42,0,100,69,-0.90775,0.529753,0.258209,90818.68
22-05-2011,2,47,49,20,0,0,46,0,90,90,0.415607,-0.43195,-0.63914,90818.68
29-05-2011,2,85,70,27,35,0,22,0,87,94,0.415607,-0.43195,-0.63914,98179.62
05-06-2011,2,70,51,24,46,0,40,0,94,100,0.415607,-0.43195,-0.63914,103700.3
12-06-2011,2,74,64,52,35,0,31,0,97,86,0.415607,-0.43195,-0.63914,103700.3
19-06-2011,2,26,55,58,46,0,29,0,93,83,-0.90775,0.529753,0.258209,103700.3
26-06-2011,2,92,47,0,30,0,31,0,81,81,-0.41561,0.431946,0.639136,87633.41
03-07-2011,3,21,25,42,62,0,34,0,71,91,-0.41561,0.431946,0.639136,47466.1
10-07-2011,3,88,25,28,43,0,17,0,62,73,0.585061,0.590708,0.501644,47466.1
17-07-2011,3,22,25,53,79,0,67,0,57,68,-0.41561,0.431946,0.639136,47466.1
24-07-2011,3,0,26,39,22,0,0,0,66,72,-0.41561,0.431946,0.639136,47466.1
31-07-2011,3,39,32,0,60,0,35,0,70,80,-0.41561,0.431946,0.639136,52626.1
07-08-2011,3,30,31,22,50,0,48,44,86,84,-0.41561,0.431946,0.639136,53486.1
14-08-2011,3,65,26,23,0,0,62,0,58,87,1.04546,0.267741,0.288712,53486.1
21-08-2011,3,59,22,20,52,0,29,0,57,59,1.04546,0.267741,0.288712,53486.1
28-08-2011,3,0,34,62,29,0,0,42,57,67,-0.55332,-0.36555,0.092215,52626.58
04-09-2011,3,29,30,0,57,0,73,0,55,70,0.585061,0.590708,0.501644,51480.57
11-09-2011,3,26,25,0,38,0,36,0,49,63,-0.41561,0.431946,0.639136,51480.57
18-09-2011,3,42,46,68,17,0,34,0,58,78,0.585061,0.590708,0.501644,51480.57
25-09-2011,3,68,43,0,36,0,29,35,56,76,-0.46471,-0.39582,0.631128,49535.97
02-10-2011,4,0,48,22,27,0,68,0,56,68,-0.53596,0.237055,-0.49364,37868.42
09-10-2011,4,27,34,36,75,0,59,0,54,55,-0.90775,0.529753,0.258209,37868.42
16-10-2011,4,90,30,20,42,0,32,0,49,70,-0.41561,0.431946,0.639136,37868.42
23-10-2011,4,32,38,27,18,0,26,0,48,53,0.447348,-0.20679,-0.04528,37868.42
30-10-2011,4,53,50,23,45,0,57,100,53,57,-0.44735,0.206785,0.045278,29358.22
06-11-2011,4,84,33,0,0,0,35,0,61,56,-0.04382,0.139248,-0.11271,25954.13
13-11-2011,4,29,48,30,0,0,40,33,54,55,-0.41561,0.431946,0.639136,25954.13
20-11-2011,4,15,33,18,22,0,35,0,52,67,-0.50422,0.462215,0.100223,25954.13
27-11-2011,4,33,46,14,34,0,43,0,51,71,-0.41561,0.431946,0.639136,30901.93
04-12-2011,4,32,43,25,18,0,49,0,57,58,-0.90775,0.529753,0.258209,37499
11-12-2011,4,48,48,18,0,0,66,0,61,70,-0.41561,0.431946,0.639136,37499
18-12-2011,4,24,42,30,0,0,65,0,68,66,-0.55332,-0.36555,0.092215,37499
25-12-2011,4,0,29,15,50,0,45,37,60,52,0.415607,-0.43195,-0.63914,37499
01-01-2012,1,87,58,0,25,0,34,0,70,74,-0.50422,0.462215,0.100223,46973.61
08-01-2012,1,21,19,26,42,0,82,0,79,87,-0.41561,0.431946,0.639136,46973.61
15-01-2012,1,45,56,53,56,0,81,0,75,63,-0.41561,0.431946,0.639136,46973.61
22-01-2012,1,73,36,0,39,0,35,0,63,63,-0.04382,0.139248,-0.11271,46973.61
29-01-2012,1,27,43,60,26,0,31,47,48,56,-0.41561,0.431946,0.639136,46904.98
05-02-2012,1,53,41,45,25,0,33,0,60,49,-0.90775,0.529753,0.258209,46853.5
12-02-2012,1,27,71,19,76,0,43,0,55,54,-0.99636,0.560022,-0.2807,46853.5
19-02-2012,1,51,57,42,44,0,45,0,53,52,0.044792,0.108978,0.426204,46853.5
26-02-2012,1,100,75,45,28,0,35,0,60,46,-0.41561,0.431946,0.639136,46718.4
04-03-2012,1,45,55,26,0,0,32,35,56,49,-0.55332,-0.36555,0.092215,46538.26
11-03-2012,1,0,61,0,35,0,36,42,60,46,-0.41561,0.431946,0.639136,46538.26
18-03-2012,1,0,59,17,100,0,63,0,62,55,0.092922,0.688516,0.120717,46538.26
25-03-2012,1,50,52,35,55,0,27,37,68,52,-0.41561,0.431946,0.639136,46538.26
01-04-2012,2,74,62,36,65,0,51,82,66,59,0.496446,0.620978,-0.03727,83874.7
08-04-2012,2,70,47,24,75,0,65,0,64,56,0.585061,0.590708,0.501644,83874.7
15-04-2012,2,36,51,75,33,0,43,0,73,61,-0.41561,0.431946,0.639136,83874.7
22-04-2012,2,0,77,0,63,0,44,65,73,59,-0.41561,0.431946,0.639136,83874.7
29-04-2012,2,74,79,26,60,0,70,67,91,65,-0.90775,0.529753,0.258209,96151.3
06-05-2012,2,0,75,27,32,0,41,0,94,81,-0.90775,0.529753,0.258209,101061.9
13-05-2012,2,45,73,0,73,0,53,0,97,62,-0.41561,0.431946,0.639136,101061.9
20-05-2012,2,55,95,57,48,0,98,0,85,88,0.415607,-0.43195,-0.63914,101061.9
27-05-2012,2,43,81,62,33,0,100,0,93,80,0.415607,-0.43195,-0.63914,104000.6
03-06-2012,2,61,72,56,75,0,67,0,100,90,0.415607,-0.43195,-0.63914,111347.1
10-06-2012,2,76,80,100,32,0,38,30,95,100,0.415607,-0.43195,-0.63914,111347.1
17-06-2012,2,0,72,46,55,0,43,100,87,82,-0.53596,0.237055,-0.49364,111347.1
24-06-2012,2,41,68,35,60,0,66,0,87,84,-0.41561,0.431946,0.639136,111347.1
01-07-2012,3,25,56,34,41,0,62,0,89,88,-0.90775,0.529753,0.258209,51487.03
08-07-2012,3,34,63,17,46,0,59,0,71,76,-0.41561,0.431946,0.639136,51487.03
15-07-2012,3,37,57,44,26,0,26,0,72,68,-0.41561,0.431946,0.639136,51487.03
22-07-2012,3,0,47,41,99,0,31,0,66,72,-0.41561,0.431946,0.639136,51487.03
29-07-2012,3,43,51,17,37,0,33,0,53,53,-0.50422,0.462215,0.100223,59857.35
05-08-2012,3,56,63,38,0,0,47,0,61,63,0.496446,0.620978,-0.03727,66135.1
12-08-2012,3,43,38,23,0,0,45,0,65,57,0.535963,-0.23706,0.493636,66135.1
19-08-2012,3,58,36,26,28,0,55,0,60,55,0.044792,0.108978,0.426204,66135.1
26-08-2012,3,0,29,36,44,0,45,0,55,64,-0.46471,-0.39582,0.631128,64349.36
02-09-2012,3,19,58,0,28,0,27,54,55,64,-0.41561,0.431946,0.639136,53634.93
09-09-2012,3,94,51,76,54,0,38,0,61,66,-0.41561,0.431946,0.639136,53634.93
16-09-2012,3,52,59,0,35,0,32,0,59,47,-0.46471,-0.39582,0.631128,53634.93
23-09-2012,3,62,75,48,24,0,61,0,60,64,-0.41561,0.431946,0.639136,53634.93
30-09-2012,4,29,63,0,46,0,27,58,57,69,-0.90775,0.529753,0.258209,55471.29
07-10-2012,4,25,45,44,0,0,42,0,58,73,-0.41561,0.431946,0.639136,55777.35
14-10-2012,4,27,59,15,85,0,50,0,50,56,-0.90775,0.529753,0.258209,55777.35
21-10-2012,4,40,33,53,38,0,57,79,50,58,-0.00431,-0.71879,0.418196,55777.35
28-10-2012,4,37,26,0,0,0,37,0,44,56,0.996361,-0.56002,0.280704,50308.97
04-11-2012,4,30,49,0,83,0,48,46,55,39,-0.41561,0.431946,0.639136,43017.8
11-11-2012,4,30,36,20,78,0,21,0,40,45,-0.58506,-0.59071,-0.50164,43017.8
18-11-2012,4,36,33,22,33,0,48,0,53,63,0.044792,0.108978,0.426204,43017.8
25-11-2012,4,83,31,36,19,0,47,0,53,66,-0.46471,-0.39582,0.631128,46101.5
02-12-2012,4,0,71,26,56,0,41,0,50,58,-0.41561,0.431946,0.639136,64603.68
09-12-2012,4,30,79,52,58,0,68,0,83,93,-0.41561,0.431946,0.639136,64603.68
16-12-2012,4,25,81,63,18,0,77,26,83,87,0.585061,0.590708,0.501644,64603.68
23-12-2012,4,60,100,63,94,0,56,74,76,81,0.415607,-0.43195,-0.63914,64603.68
30-12-2012,1,64,58,46,49,0,91,100,72,71,-0.44735,0.206785,0.045278,55617.55
06-01-2013,1,31,57,50,0,0,73,0,70,56,-0.41561,0.431946,0.639136,52023.1
13-01-2013,1,63,54,74,31,0,81,0,65,55,1.04546,0.267741,0.288712,52023.1
20-01-2013,1,25,52,58,84,0,35,0,68,69,0.585061,0.590708,0.501644,52023.1
27-01-2013,1,36,61,56,100,0,69,31,56,58,-0.41561,0.431946,0.639136,51378.28
03-02-2013,1,11,44,22,38,0,77,100,59,60,-0.41561,0.431946,0.639136,49766.25
10-02-2013,1,0,57,71,46,0,34,0,60,47,-0.50422,0.462215,0.100223,49766.25
17-02-2013,1,26,37,32,16,0,66,0,66,65,-0.90775,0.529753,0.258209,49766.25
24-02-2013,1,100,26,79,35,0,52,0,69,63,0.044792,0.108978,0.426204,50269.77
03-03-2013,1,42,44,99,32,0,29,72,65,61,-0.41561,0.431946,0.639136,51528.58
10-03-2013,1,53,53,47,15,0,61,0,69,55,-0.41561,0.431946,0.639136,51528.58
17-03-2013,1,48,59,57,42,0,83,0,80,66,-0.46471,-0.39582,0.631128,51528.58
24-03-2013,1,64,55,43,22,0,44,0,74,58,-0.04479,-0.10898,-0.4262,51528.58
31-03-2013,2,61,56,37,41,0,52,0,65,57,-0.41561,0.431946,0.639136,85284.83
07-04-2013,2,40,64,61,71,0,58,0,72,58,-0.50422,0.462215,0.100223,90910.87
14-04-2013,2,43,53,23,43,0,49,0,73,65,0.585061,0.590708,0.501644,90910.87
21-04-2013,2,64,66,75,53,0,56,0,77,65,-0.46471,-0.39582,0.631128,90910.87
28-04-2013,2,17,59,87,47,0,67,0,71,55,-0.46471,-0.39582,0.631128,97832.38
05-05-2013,2,50,65,0,46,0,62,0,73,71,-0.46471,-0.39582,0.631128,103023.5
12-05-2013,2,48,84,44,36,0,76,0,80,65,-0.41561,0.431946,0.639136,103023.5
19-05-2013,2,72,87,48,74,0,83,0,90,87,-0.04479,-0.10898,-0.4262,103023.5
26-05-2013,2,46,55,42,51,0,100,0,92,74,0.415607,-0.43195,-0.63914,93321.67
02-06-2013,2,53,92,71,41,0,82,0,100,100,0.415607,-0.43195,-0.63914,35110.6
09-06-2013,2,0,100,40,40,0,61,20,99,99,0.415607,-0.43195,-0.63914,35110.6
16-06-2013,2,39,70,28,52,0,63,0,93,96,0.504222,-0.46222,-0.10022,35110.6
23-06-2013,2,37,42,80,55,0,47,0,74,79,-0.41561,0.431946,0.639136,35110.6
30-06-2013,3,26,46,70,57,0,39,0,62,69,-0.41561,0.431946,0.639136,43113.09
07-07-2013,3,27,41,33,60,0,32,0,62,63,-0.46471,-0.39582,0.631128,44446.84
14-07-2013,3,43,33,18,44,0,36,0,49,62,-0.41561,0.431946,0.639136,44446.84
21-07-2013,3,34,44,22,50,0,29,0,53,49,0.044792,0.108978,0.426204,44446.84
28-07-2013,3,33,39,0,37,0,34,25,48,54,0.585061,0.590708,0.501644,47920.55
04-08-2013,3,44,34,69,58,0,28,0,60,55,0.585061,0.590708,0.501644,52552.16
11-08-2013,3,28,32,39,16,0,37,0,57,49,-0.50422,0.462215,0.100223,52552.16
18-08-2013,3,29,26,0,53,0,23,30,48,36,-0.90775,0.529753,0.258209,52552.16
25-08-2013,3,27,34,54,41,0,13,72,61,50,-0.46471,-0.39582,0.631128,52552.16
01-09-2013,3,24,46,29,45,0,17,0,54,47,-0.41561,0.431946,0.639136,59339.23
08-09-2013,3,23,41,0,28,0,41,44,47,53,0.044792,0.108978,0.426204,59339.23
15-09-2013,3,22,39,76,72,0,43,0,47,67,-0.41561,0.431946,0.639136,59339.23
22-09-2013,3,25,51,57,37,0,34,0,57,67,0.044792,0.108978,0.426204,59339.23
29-09-2013,4,29,37,43,34,0,43,0,67,53,-0.46471,-0.39582,0.631128,63247.62
06-10-2013,4,26,28,100,32,0,56,0,54,55,0.496446,0.620978,-0.03727,64810.97
13-10-2013,4,13,38,47,50,0,29,0,50,55,0.535963,-0.23706,0.493636,64810.97
20-10-2013,4,45,28,73,39,0,46,0,53,48,-0.90775,0.529753,0.258209,64810.97
27-10-2013,4,14,30,46,35,0,24,0,51,43,-0.50422,0.462215,0.100223,59976.68
03-11-2013,4,26,29,41,47,0,39,0,53,56,0.55332,0.365548,-0.09221,47890.97
10-11-2013,4,44,46,45,76,0,40,52,56,47,-0.50422,0.462215,0.100223,47890.97
17-11-2013,4,26,36,31,30,0,47,0,49,54,-0.41561,0.431946,0.639136,47890.97
24-11-2013,4,43,49,40,31,0,59,0,58,54,-0.50422,0.462215,0.100223,47890.97
01-12-2013,4,11,62,58,48,0,41,0,58,57,-0.50422,0.462215,0.100223,73807.55
08-12-2013,4,38,36,0,33,0,48,0,56,43,-0.41561,0.431946,0.639136,73807.55
15-12-2013,4,57,57,62,33,0,33,0,61,60,-0.41561,0.431946,0.639136,73807.55
22-12-2013,4,49,79,58,62,0,85,20,88,84,-0.04479,-0.10898,-0.4262,73807.55
29-12-2013,4,42,63,44,51,0,62,27,72,63,-0.49645,-0.62098,0.03727,62778.9
05-01-2014,1,85,44,79,57,0,65,0,63,60,-0.90775,0.529753,0.258209,54507.42
12-01-2014,1,64,47,74,24,0,67,0,51,52,-0.90775,0.529753,0.258209,54507.42
19-01-2014,1,87,39,18,49,0,37,0,57,51,-0.41561,0.431946,0.639136,54507.42
26-01-2014,1,46,51,32,29,0,31,0,53,52,0.585061,0.590708,0.501644,54188.25
02-02-2014,1,52,53,32,33,0,36,0,52,45,-0.90775,0.529753,0.258209,52273.25
09-02-2014,1,57,37,18,23,0,44,53,54,39,0.585061,0.590708,0.501644,52273.25
16-02-2014,1,54,52,50,29,0,48,0,57,51,-0.46471,-0.39582,0.631128,52273.25
23-02-2014,1,73,34,71,62,0,58,0,61,45,-0.04382,0.139248,-0.11271,52277.26
02-03-2014,1,69,41,34,39,0,47,57,58,52,-0.41561,0.431946,0.639136,52301.29
09-03-2014,1,100,58,22,48,0,38,0,63,52,-0.41561,0.431946,0.639136,52301.29
16-03-2014,1,54,47,36,61,0,44,0,60,43,-0.04382,0.139248,-0.11271,52301.29
23-03-2014,1,26,46,52,51,0,79,32,60,48,-0.41561,0.431946,0.639136,52301.29
30-03-2014,2,68,59,58,61,0,47,56,62,44,0.044792,0.108978,0.426204,80833.56
06-04-2014,2,48,60,68,34,0,66,0,59,47,-0.90775,0.529753,0.258209,92246.47
13-04-2014,2,91,71,38,97,0,68,0,64,49,0.464705,0.395818,-0.63113,92246.47
20-04-2014,2,78,53,55,57,0,59,70,63,42,-0.41561,0.431946,0.639136,92246.47
27-04-2014,2,95,79,63,49,0,57,55,66,52,-0.50422,0.462215,0.100223,97692.82
04-05-2014,2,72,72,72,55,0,45,0,73,51,0.585061,0.590708,0.501644,104954.6
11-05-2014,2,78,76,56,46,0,69,0,68,55,-0.95684,-0.29801,0.250201,104954.6
18-05-2014,2,82,77,43,85,0,83,40,71,56,0.447348,-0.20679,-0.04528,104954.6
25-05-2014,2,66,82,47,56,0,62,67,79,64,0.415607,-0.43195,-0.63914,104954.6
01-06-2014,2,67,99,64,94,0,100,0,89,70,0.415607,-0.43195,-0.63914,57359.17
08-06-2014,2,69,97,50,68,0,75,0,87,64,0.415607,-0.43195,-0.63914,57359.17
15-06-2014,2,51,75,40,96,0,72,0,83,64,-0.58506,-0.59071,-0.50164,57359.17
22-06-2014,2,49,75,27,83,0,45,93,74,50,-0.41561,0.431946,0.639136,57359.17
29-06-2014,3,66,44,0,78,0,48,0,63,56,-0.41561,0.431946,0.639136,50108.98
06-07-2014,3,55,45,23,25,0,53,0,59,58,-0.41561,0.431946,0.639136,47208.9
13-07-2014,3,61,51,34,67,0,62,0,60,60,-0.41561,0.431946,0.639136,47208.9
20-07-2014,3,28,68,35,72,0,58,0,62,57,0.585061,0.590708,0.501644,47208.9
27-07-2014,3,60,50,43,14,0,44,48,65,53,-0.90775,0.529753,0.258209,50212.45
03-08-2014,3,20,47,28,48,0,66,0,60,51,-0.41561,0.431946,0.639136,57721.32
10-08-2014,3,44,100,36,67,0,51,0,75,47,0.585061,0.590708,0.501644,57721.32
17-08-2014,3,29,36,39,43,0,50,57,61,43,0.044792,0.108978,0.426204,57721.32
24-08-2014,3,50,55,22,32,0,42,71,54,44,0.585061,0.590708,0.501644,57721.32
31-08-2014,3,59,57,46,51,0,37,48,62,46,-0.41561,0.431946,0.639136,62506.9
07-09-2014,3,60,52,0,36,0,29,0,61,50,-0.41561,0.431946,0.639136,63304.5
14-09-2014,3,51,71,10,54,0,36,0,56,42,-0.41561,0.431946,0.639136,63304.5
21-09-2014,3,47,59,67,73,0,43,96,56,49,-0.99636,0.560022,-0.2807,63304.5
28-09-2014,4,43,79,28,50,0,35,0,69,42,-0.04479,-0.10898,-0.4262,66021.6
05-10-2014,4,73,66,37,62,0,35,0,53,49,0.044792,0.108978,0.426204,68059.42
12-10-2014,4,57,50,40,29,0,57,40,61,54,-0.41561,0.431946,0.639136,68059.42
19-10-2014,4,46,42,35,45,0,25,0,56,37,0.447348,-0.20679,-0.04528,68059.42
26-10-2014,4,68,54,64,69,0,46,0,57,44,0.535963,-0.23706,0.493636,65749.25
02-11-2014,4,69,64,38,72,0,57,0,60,54,-0.99636,0.560022,-0.2807,51888.2
09-11-2014,4,79,52,36,75,0,60,0,57,53,-0.41561,0.431946,0.639136,51888.2
16-11-2014,4,62,72,37,60,0,73,44,57,56,-0.41561,0.431946,0.639136,51888.2
23-11-2014,4,81,38,47,88,0,45,100,55,47,0.044792,0.108978,0.426204,51888.2
30-11-2014,4,54,52,26,91,0,76,0,62,49,-0.41561,0.431946,0.639136,65868.66
07-12-2014,4,90,69,55,84,0,71,0,74,52,-0.41561,0.431946,0.639136,68198.74
14-12-2014,4,61,96,100,75,0,80,0,100,100,-0.46471,-0.39582,0.631128,68198.74
21-12-2014,4,92,92,61,100,0,89,82,87,54,0.907746,-0.52975,-0.25821,68198.74
28-12-2014,1,41,80,37,64,0,75,0,79,55,-0.58506,-0.59071,-0.50164,63955.68
04-01-2015,1,61,37,56,46,0,35,0,76,72,0.044792,0.108978,0.426204,58298.26
11-01-2015,1,50,45,80,36,0,41,0,69,59,-0.50422,0.462215,0.100223,58298.26
18-01-2015,1,54,48,76,38,0,48,0,62,66,-0.50422,0.462215,0.100223,58298.26
25-01-2015,1,37,36,0,75,0,34,0,65,57,0.044792,0.108978,0.426204,58298.26
01-02-2015,1,27,32,0,67,0,24,0,63,61,-0.90775,0.529753,0.258209,54208.5
08-02-2015,1,72,37,28,40,0,26,31,55,51,-0.41561,0.431946,0.639136,54208.5
15-02-2015,1,70,23,58,57,0,52,0,59,58,-0.99636,0.560022,-0.2807,54208.5
22-02-2015,1,67,37,50,68,0,46,0,65,57,-0.41561,0.431946,0.639136,54208.5
01-03-2015,1,44,41,63,16,0,32,47,72,53,0.496446,0.620978,-0.03727,56550.74
08-03-2015,1,33,38,52,48,0,42,44,70,56,-0.41561,0.431946,0.639136,56550.74
15-03-2015,1,43,44,56,78,0,45,30,59,62,-0.41561,0.431946,0.639136,56550.74
22-03-2015,1,100,47,44,56,0,42,57,67,61,-0.41561,0.431946,0.639136,56550.74
29-03-2015,2,85,52,51,97,0,78,0,82,75,0.496446,0.620978,-0.03727,79158.3
05-04-2015,2,50,59,49,84,0,39,0,77,68,-0.41561,0.431946,0.639136,96113.97
12-04-2015,2,79,51,53,53,0,48,0,80,67,-0.95684,-0.29801,0.250201,96113.97
19-04-2015,2,20,53,69,72,0,44,0,75,73,-0.41561,0.431946,0.639136,96113.97
26-04-2015,2,35,48,27,65,0,64,29,70,65,0.585061,0.590708,0.501644,99409.8
03-05-2015,2,54,48,82,52,0,55,0,78,73,0.044792,0.108978,0.426204,107649.4
10-05-2015,2,63,68,65,82,0,65,36,80,76,-0.41561,0.431946,0.639136,107649.4
17-05-2015,2,82,72,55,97,0,66,78,92,86,0.496446,0.620978,-0.03727,107649.4
24-05-2015,2,47,58,58,54,0,84,26,88,99,0.415607,-0.43195,-0.63914,107649.4
31-05-2015,2,82,81,58,85,0,78,100,97,100,0.415607,-0.43195,-0.63914,68027.88
07-06-2015,2,65,87,94,74,0,85,0,95,95,0.415607,-0.43195,-0.63914,61424.3
14-06-2015,2,57,100,76,50,0,74,0,100,89,0.415607,-0.43195,-0.63914,61424.3
21-06-2015,2,45,65,95,100,0,50,0,87,85,-0.41561,0.431946,0.639136,61424.3
28-06-2015,3,13,40,67,36,0,41,0,72,65,-0.41561,0.431946,0.639136,55653.99
05-07-2015,3,33,39,61,56,0,37,31,62,74,-0.41561,0.431946,0.639136,51326.26
12-07-2015,3,54,28,30,43,0,32,19,53,63,0.585061,0.590708,0.501644,51326.26
19-07-2015,3,18,23,21,50,0,12,0,54,59,-0.41561,0.431946,0.639136,51326.26
26-07-2015,3,27,23,0,43,0,28,0,49,57,0.585061,0.590708,0.501644,52757.16
02-08-2015,3,29,28,48,16,0,27,0,47,46,-0.41561,0.431946,0.639136,61342.58
09-08-2015,3,34,27,58,35,0,35,21,52,49,-0.41561,0.431946,0.639136,61342.58
16-08-2015,3,38,27,29,45,0,20,44,53,56,-0.90775,0.529753,0.258209,61342.58
23-08-2015,3,26,27,24,38,0,31,0,45,48,0.585061,0.590708,0.501644,61342.58
30-08-2015,3,34,27,46,43,0,31,17,49,51,-0.41561,0.431946,0.639136,65307.45
06-09-2015,3,57,30,92,45,0,19,0,53,56,-0.41561,0.431946,0.639136,66893.4
13-09-2015,3,13,34,71,52,0,32,0,55,56,-0.50422,0.462215,0.100223,66893.4
20-09-2015,3,23,28,37,44,0,46,34,60,52,0.535963,-0.23706,0.493636,66893.4
27-09-2015,4,34,44,31,60,0,46,17,69,58,0.585061,0.590708,0.501644,68089.03
04-10-2015,4,41,32,45,48,0,51,0,51,58,-0.41561,0.431946,0.639136,69683.19
11-10-2015,4,45,22,27,63,0,40,0,46,51,-0.90775,0.529753,0.258209,69683.19
18-10-2015,4,39,30,0,96,0,49,71,53,44,-0.58506,-0.59071,-0.50164,69683.19
25-10-2015,4,44,22,78,43,0,46,0,54,59,0.092922,0.688516,0.120717,69683.19
01-11-2015,4,49,30,36,44,0,38,0,48,54,-0.41561,0.431946,0.639136,43186.03
08-11-2015,4,41,31,11,68,0,62,0,51,51,-0.04479,-0.10898,-0.4262,43186.03
15-11-2015,4,34,34,32,50,0,31,0,59,60,-0.90775,0.529753,0.258209,43186.03
22-11-2015,4,34,23,48,45,0,37,18,58,57,-0.95684,-0.29801,0.250201,43186.03
29-11-2015,4,66,36,100,37,0,58,0,64,66,-0.41561,0.431946,0.639136,54053.54
06-12-2015,4,62,50,60,37,0,49,47,67,74,0.044792,0.108978,0.426204,58400.55
13-12-2015,4,61,49,91,76,0,85,25,80,74,0.044792,0.108978,0.426204,58400.55
20-12-2015,4,56,74,95,77,0,100,30,89,89,0.004307,0.718785,-0.4182,58400.55
27-12-2015,4,54,57,55,70,0,65,26,85,80,0.415607,-0.43195,-0.63914,58978.87
03-01-2016,1,43,43,23,31,0,43,19,59,70,-0.41561,0.431946,0.639136,60424.68
10-01-2016,1,42,35,80,68,0,45,0,52,61,0.585061,0.590708,0.501644,60424.68
17-01-2016,1,44,46,40,67,0,54,25,54,70,-0.41561,0.431946,0.639136,60424.68
24-01-2016,1,51,40,40,34,0,40,0,50,52,-0.90775,0.529753,0.258209,60424.68
31-01-2016,1,62,35,29,55,0,46,100,45,45,-0.41561,0.431946,0.639136,56212.74
07-02-2016,1,52,50,100,68,0,51,0,54,53,1.04546,0.267741,0.288712,55510.75
14-02-2016,1,53,39,54,62,0,36,0,51,52,0.585061,0.590708,0.501644,55510.75
21-02-2016,1,27,36,43,49,0,37,0,51,57,0.044792,0.108978,0.426204,55510.75
28-02-2016,1,45,37,49,79,0,41,59,55,52,0.585061,0.590708,0.501644,57684.25
06-03-2016,1,20,41,23,47,0,41,0,52,52,0.044792,0.108978,0.426204,58553.65
13-03-2016,1,55,53,73,68,0,51,0,61,59,-0.41561,0.431946,0.639136,58553.65
20-03-2016,1,52,51,45,44,0,43,0,68,60,0.447348,-0.20679,-0.04528,58553.65
27-03-2016,2,44,41,63,67,0,37,0,63,51,-0.41561,0.431946,0.639136,63880.1
03-04-2016,2,66,49,55,45,0,44,26,59,60,0.585061,0.590708,0.501644,77196.23
10-04-2016,2,60,58,42,67,0,50,73,62,70,0.447348,-0.20679,-0.04528,77196.23
17-04-2016,2,62,56,45,100,0,64,0,63,80,-0.55332,-0.36555,0.092215,77196.23
24-04-2016,2,76,57,78,52,0,49,28,69,69,-0.41561,0.431946,0.639136,77196.23
01-05-2016,2,92,72,79,81,0,75,29,74,84,-0.41561,0.431946,0.639136,96102.32
08-05-2016,2,77,63,56,88,0,76,38,73,85,-0.41561,0.431946,0.639136,96102.32
15-05-2016,2,81,66,48,85,0,83,0,87,100,-0.41561,0.431946,0.639136,96102.32
22-05-2016,2,100,60,69,78,0,65,18,85,95,0.415607,-0.43195,-0.63914,96102.32
29-05-2016,2,63,76,49,63,0,54,0,83,95,0.415607,-0.43195,-0.63914,106883.6
05-06-2016,2,90,73,21,74,0,71,24,84,93,0.415607,-0.43195,-0.63914,114969.6
12-06-2016,2,75,82,56,66,0,52,0,86,87,0.415607,-0.43195,-0.63914,114969.6
19-06-2016,2,57,69,60,55,0,45,0,81,77,-0.90775,0.529753,0.258209,114969.6
26-06-2016,3,43,56,84,84,0,36,23,69,79,0.585061,0.590708,0.501644,97340.84
03-07-2016,3,45,50,53,62,0,39,0,58,67,-0.46471,-0.39582,0.631128,53268.87
10-07-2016,3,8,40,24,57,0,38,17,54,57,-0.41561,0.431946,0.639136,53268.87
17-07-2016,3,31,31,26,50,0,27,37,45,64,-0.90775,0.529753,0.258209,53268.87
24-07-2016,3,48,44,26,66,0,38,0,47,53,-0.41561,0.431946,0.639136,53268.87
31-07-2016,3,47,26,25,38,0,32,23,47,58,-0.41561,0.431946,0.639136,61592.03
07-08-2016,3,0,46,53,38,0,29,0,56,50,-0.41561,0.431946,0.639136,62979.23
14-08-2016,3,37,32,17,36,0,26,0,44,42,-0.09292,-0.68852,-0.12072,62979.23
21-08-2016,3,16,36,10,39,0,33,0,48,55,-0.50422,0.462215,0.100223,62979.23
28-08-2016,3,22,35,14,26,0,32,0,48,54,-0.41561,0.431946,0.639136,66015.43
04-09-2016,3,60,35,12,59,0,37,29,51,51,0.044792,0.108978,0.426204,70063.7
11-09-2016,3,45,30,0,69,0,41,47,49,59,-0.90775,0.529753,0.258209,70063.7
18-09-2016,3,40,36,18,59,0,33,51,55,53,-0.50422,0.462215,0.100223,70063.7
25-09-2016,4,42,27,16,45,0,33,17,47,49,-0.41561,0.431946,0.639136,70437.05
02-10-2016,4,50,30,16,67,0,42,17,48,55,0.585061,0.590708,0.501644,72677.16
09-10-2016,4,38,36,45,36,0,33,0,50,55,-0.95684,-0.29801,0.250201,72677.16
16-10-2016,4,72,26,67,45,0,32,17,41,50,-0.46471,-0.39582,0.631128,72677.16
23-10-2016,4,25,20,24,73,0,31,0,44,46,-0.41561,0.431946,0.639136,72677.16
30-10-2016,4,42,28,23,58,0,39,0,50,48,-0.44735,0.206785,0.045278,50339.24
06-11-2016,4,41,26,27,52,0,38,74,45,48,-0.41561,0.431946,0.639136,41404.07
13-11-2016,4,40,21,30,40,0,21,0,47,56,0.044792,0.108978,0.426204,41404.07
20-11-2016,4,54,31,26,53,0,34,25,49,54,-0.50422,0.462215,0.100223,41404.07
27-11-2016,4,47,33,15,72,0,32,31,51,56,-0.41561,0.431946,0.639136,49750.37
04-12-2016,4,61,48,39,44,0,39,39,51,67,-0.41561,0.431946,0.639136,60878.77
11-12-2016,4,50,50,76,63,0,44,27,58,57,-0.90775,0.529753,0.258209,60878.77
18-12-2016,4,52,56,71,58,0,49,33,60,70,-0.46471,-0.39582,0.631128,60878.77
25-12-2016,4,87,100,78,59,0,100,0,100,80,0.415607,-0.43195,-0.63914,60878.77
01-01-2017,1,22,93,97,100,0,87,37,87,97,-0.50422,0.462215,0.100223,62793.39
08-01-2017,1,33,91,44,80,0,84,31,100,100,-0.41561,0.431946,0.639136,62793.39
15-01-2017,1,18,54,37,58,0,57,46,75,65,-0.41561,0.431946,0.639136,62793.39
22-01-2017,1,17,61,22,53,0,51,69,67,49,-0.50422,0.462215,0.100223,62793.39
29-01-2017,1,14,41,23,55,0,40,29,46,42,-0.46471,-0.39582,0.631128,60214.31
05-02-2017,1,15,40,38,24,0,35,75,47,50,0.585061,0.590708,0.501644,58280
12-02-2017,1,17,41,53,45,0,32,0,47,49,-0.90775,0.529753,0.258209,58280
19-02-2017,1,18,41,51,48,0,40,29,55,42,0.092922,0.688516,0.120717,58280
26-02-2017,1,16,48,49,49,0,38,35,54,54,-0.41561,0.431946,0.639136,59697.4
05-03-2017,1,12,50,37,44,0,46,0,56,51,-0.41561,0.431946,0.639136,60760.45
12-03-2017,1,18,54,26,35,0,43,0,57,48,0.044792,0.108978,0.426204,60760.45
19-03-2017,1,17,52,44,58,0,44,25,60,54,0.044792,0.108978,0.426204,60760.45
26-03-2017,2,18,53,30,52,0,39,0,59,48,-0.90775,0.529753,0.258209,63505.49
02-04-2017,2,26,65,82,51,0,47,46,63,49,-0.90775,0.529753,0.258209,79975.7
09-04-2017,2,28,59,36,59,0,56,25,71,67,0.004307,0.718785,-0.4182,79975.7
16-04-2017,2,23,55,48,43,0,50,0,68,66,-0.41561,0.431946,0.639136,79975.7
23-04-2017,2,100,64,18,74,0,57,0,73,64,-0.41561,0.431946,0.639136,79975.7
30-04-2017,2,48,74,59,84,0,58,0,76,52,0.044792,0.108978,0.426204,96170.65
07-05-2017,2,45,75,55,57,0,68,61,79,69,-0.95684,-0.29801,0.250201,98869.81
14-05-2017,2,37,84,37,47,0,67,65,86,77,-0.41561,0.431946,0.639136,98869.81
21-05-2017,2,37,93,85,54,0,69,66,88,82,0.415607,-0.43195,-0.63914,98869.81
28-05-2017,2,30,86,44,73,0,66,35,90,73,0.415607,-0.43195,-0.63914,106194.4
04-06-2017,2,20,99,52,54,0,75,100,90,82,0.415607,-0.43195,-0.63914,115960.6
11-06-2017,2,28,88,73,62,0,66,76,100,87,0.415607,-0.43195,-0.63914,115960.6
18-06-2017,2,24,100,70,67,0,58,35,98,78,0.996361,-0.56002,0.280704,115960.6
25-06-2017,3,20,76,100,64,0,64,0,75,76,0.044792,0.108978,0.426204,107279.5
02-07-2017,3,16,63,54,58,0,35,0,66,67,-0.41561,0.431946,0.639136,55193.19
09-07-2017,3,13,49,30,65,0,28,49,71,60,-0.41561,0.431946,0.639136,55193.19
16-07-2017,3,17,32,0,56,0,38,0,79,81,-0.41561,0.431946,0.639136,55193.19
23-07-2017,3,13,37,26,62,0,29,48,63,62,-0.41561,0.431946,0.639136,55193.19
30-07-2017,3,11,41,50,54,0,20,0,50,62,-0.41561,0.431946,0.639136,62271.9
06-08-2017,3,15,42,44,62,0,28,35,53,41,0.044792,0.108978,0.426204,65103.39
13-08-2017,3,18,42,37,40,0,21,20,52,56,-0.53596,0.237055,-0.49364,65103.39
20-08-2017,3,20,30,30,46,0,19,28,52,46,0.585061,0.590708,0.501644,65103.39
27-08-2017,3,13,31,21,56,0,35,0,52,54,-0.41561,0.431946,0.639136,67462.35
03-09-2017,3,13,38,26,50,0,28,41,53,45,0.044792,0.108978,0.426204,73359.77
10-09-2017,3,12,45,52,53,0,31,0,55,44,-0.41561,0.431946,0.639136,73359.77
17-09-2017,3,22,37,45,37,0,38,29,54,43,-0.50422,0.462215,0.100223,73359.77
24-09-2017,4,18,53,45,51,0,28,41,63,47,-0.04479,-0.10898,-0.4262,73359.77
01-10-2017,4,20,45,43,53,0,39,34,56,44,-0.04382,0.139248,-0.11271,51979.74
08-10-2017,4,19,42,37,49,0,39,22,56,53,-0.41561,0.431946,0.639136,51979.74
15-10-2017,4,18,38,0,43,0,42,50,49,40,0.447348,-0.20679,-0.04528,51979.74
22-10-2017,4,22,40,58,40,0,31,0,54,50,-0.50422,0.462215,0.100223,51979.74
29-10-2017,4,19,47,33,57,0,33,26,51,60,-0.90775,0.529753,0.258209,40554.77
05-11-2017,4,19,45,46,46,0,44,81,54,57,-0.41561,0.431946,0.639136,31986.03
12-11-2017,4,19,44,37,45,0,52,33,55,50,-0.41561,0.431946,0.639136,31986.03
19-11-2017,4,13,44,43,42,0,53,29,59,68,0.585061,0.590708,0.501644,31986.03
26-11-2017,4,17,41,42,59,0,45,44,48,51,-0.41561,0.431946,0.639136,36312.39
03-12-2017,4,24,51,56,73,0,66,0,63,55,-0.41561,0.431946,0.639136,47128.29
10-12-2017,4,23,68,43,58,0,82,0,77,71,-0.46471,-0.39582,0.631128,47128.29
17-12-2017,4,22,81,71,61,0,82,58,84,89,-0.55332,-0.36555,0.092215,47128.29
24-12-2017,4,25,89,65,91,0,78,54,88,71,0.415607,-0.43195,-0.63914,47128.29
31-12-2017,1,19,51,50,84,0,100,73,74,69,0.044792,0.108978,0.426204,53690.74
07-01-2018,1,65,58,46,80,0,93,22,53,54,-0.41561,0.431946,0.639136,54784.48
14-01-2018,1,55,43,20,77,0,71,37,54,60,-0.41561,0.431946,0.639136,54784.48
21-01-2018,1,63,77,35,52,0,79,59,75,66,1.04546,0.267741,0.288712,54784.48
28-01-2018,1,72,38,42,55,0,59,47,51,51,-0.46471,-0.39582,0.631128,52577.99
04-02-2018,1,60,33,21,45,0,49,35,49,44,-0.41561,0.431946,0.639136,49636
11-02-2018,1,66,42,21,73,0,49,0,57,46,0.043823,-0.13925,0.112709,49636
18-02-2018,1,63,49,39,53,0,50,69,57,63,0.044792,0.108978,0.426204,49636
25-02-2018,1,69,53,36,41,0,49,27,53,39,0.496446,0.620978,-0.03727,51755.88
04-03-2018,1,55,50,43,40,0,51,0,55,56,-0.41561,0.431946,0.639136,54582.39
11-03-2018,1,60,53,42,39,0,57,17,58,57,-0.41561,0.431946,0.639136,54582.39
18-03-2018,1,67,64,31,86,0,57,64,65,64,-0.90775,0.529753,0.258209,54582.39
25-03-2018,2,100,58,0,87,0,68,0,66,61,0.496446,0.620978,-0.03727,54582.39
01-04-2018,2,99,65,49,75,0,56,57,65,56,-0.41561,0.431946,0.639136,70857.5
08-04-2018,2,58,63,42,74,0,48,0,63,60,-0.41561,0.431946,0.639136,70857.5
15-04-2018,2,100,60,68,75,0,55,26,61,62,-0.41561,0.431946,0.639136,70857.5
22-04-2018,2,82,70,13,70,0,73,90,70,69,-0.41561,0.431946,0.639136,70857.5
29-04-2018,2,87,69,44,83,0,67,44,68,63,-0.44735,0.206785,0.045278,84565.81
06-05-2018,2,77,78,54,97,0,89,17,79,86,-0.46471,-0.39582,0.631128,90049.13
13-05-2018,2,82,87,46,55,0,80,0,77,72,-0.41561,0.431946,0.639136,90049.13
20-05-2018,2,96,100,63,84,0,98,29,89,100,0.415607,-0.43195,-0.63914,90049.13
27-05-2018,2,97,80,39,83,0,99,50,100,98,0.415607,-0.43195,-0.63914,91190.01
03-06-2018,2,76,78,42,76,0,83,55,85,64,0.415607,-0.43195,-0.63914,94042.2
10-06-2018,2,60,69,66,65,0,68,34,76,68,0.415607,-0.43195,-0.63914,94042.2
17-06-2018,2,54,72,29,74,0,60,100,73,73,-0.53596,0.237055,-0.49364,94042.2
24-06-2018,3,30,57,27,61,0,53,40,62,69,-0.41561,0.431946,0.639136,94042.2
01-07-2018,3,31,41,29,59,0,40,0,52,52,-0.41561,0.431946,0.639136,45948.45
08-07-2018,3,46,35,25,45,0,33,33,56,48,-0.41561,0.431946,0.639136,45948.45
15-07-2018,3,48,41,34,31,0,36,26,44,60,-0.41561,0.431946,0.639136,45948.45
22-07-2018,3,35,32,42,41,0,35,0,43,47,0.585061,0.590708,0.501644,45948.45
29-07-2018,3,43,27,20,45,0,30,19,40,40,-0.41561,0.431946,0.639136,51132.06
05-08-2018,3,45,29,29,55,0,28,30,40,32,-0.41561,0.431946,0.639136,55019.77
12-08-2018,3,28,27,30,62,0,33,0,49,52,0.535963,-0.23706,0.493636,55019.77
19-08-2018,3,36,30,28,46,0,25,0,37,44,0.535963,-0.23706,0.493636,55019.77
26-08-2018,3,34,30,27,53,0,37,26,40,39,-0.41561,0.431946,0.639136,56188.24
02-09-2018,3,40,31,17,63,0,33,17,37,49,0.044792,0.108978,0.426204,63199.03
09-09-2018,3,38,31,38,60,0,29,0,38,54,-0.50422,0.462215,0.100223,63199.03
16-09-2018,3,41,37,29,69,0,29,25,41,41,0.585061,0.590708,0.501644,63199.03
23-09-2018,4,42,33,25,55,0,41,0,52,45,-0.41561,0.431946,0.639136,63199.03
30-09-2018,4,38,32,33,44,0,42,39,44,38,-0.90775,0.529753,0.258209,46899.47
07-10-2018,4,50,32,34,45,0,35,0,42,50,-0.46471,-0.39582,0.631128,44182.87
14-10-2018,4,40,39,26,71,0,39,64,45,41,0.415607,-0.43195,-0.63914,44182.87
21-10-2018,4,57,30,29,71,0,38,20,45,52,-0.46471,-0.39582,0.631128,44182.87
28-10-2018,4,42,37,24,55,0,37,37,42,38,-0.46471,-0.39582,0.631128,36698.75
04-11-2018,4,31,32,21,58,0,49,16,46,39,-0.04479,-0.10898,-0.4262,26719.93
11-11-2018,4,53,45,35,59,0,55,37,53,47,-0.90775,0.529753,0.258209,26719.93
18-11-2018,4,61,45,42,77,0,48,0,51,46,0.535963,-0.23706,0.493636,26719.93
25-11-2018,4,65,45,18,52,0,43,35,48,45,-0.41561,0.431946,0.639136,28659.22
02-12-2018,4,63,57,100,54,0,64,60,49,57,0.044792,0.108978,0.426204,40294.94
09-12-2018,4,58,53,43,71,0,85,36,64,74,0.044792,0.108978,0.426204,40294.94
16-12-2018,4,64,80,62,76,0,94,51,69,70,-0.41561,0.431946,0.639136,40294.94
23-12-2018,4,49,77,39,100,0,98,90,69,50,0.415607,-0.43195,-0.63914,40294.94
30-12-2018,4,47,61,44,72,0,100,42,77,63,-0.44735,0.206785,0.045278,52131.23
06-01-2019,1,66,58,61,67,0,57,36,72,63,-0.41561,0.431946,0.639136,56865.74
13-01-2019,1,52,40,32,68,0,42,0,57,64,-0.90775,0.529753,0.258209,56865.74
20-01-2019,1,50,60,53,56,0,58,25,73,56,-0.41561,0.431946,0.639136,56865.74
27-01-2019,1,51,47,27,53,0,38,0,68,42,-0.41561,0.431946,0.639136,55254.82
03-02-2019,1,50,43,22,62,0,38,17,62,51,-0.90775,0.529753,0.258209,51227.5
10-02-2019,1,51,40,41,58,0,37,35,56,37,-0.50422,0.462215,0.100223,51227.5
17-02-2019,1,31,35,15,60,0,30,48,57,62,-0.90775,0.529753,0.258209,51227.5
24-02-2019,1,51,40,27,58,0,34,30,58,54,0.585061,0.590708,0.501644,52591.52
03-03-2019,1,47,42,25,43,0,25,0,53,48,0.044792,0.108978,0.426204,56001.58
10-03-2019,1,50,39,26,43,0,30,37,57,47,-0.41561,0.431946,0.639136,56001.58
17-03-2019,1,61,43,38,45,0,26,30,58,38,-0.55332,-0.36555,0.092215,56001.58
24-03-2019,2,58,45,37,43,0,30,51,54,45,-0.41561,0.431946,0.639136,56001.58
31-03-2019,2,55,46,36,42,0,29,0,59,47,-0.41561,0.431946,0.639136,71113.63
07-04-2019,2,61,49,28,49,0,31,67,59,60,-0.41561,0.431946,0.639136,73632.3
14-04-2019,2,64,58,25,57,0,30,23,62,69,0.447348,-0.20679,-0.04528,73632.3
21-04-2019,2,48,55,51,62,0,37,27,60,60,-0.41561,0.431946,0.639136,73632.3
28-04-2019,2,67,51,30,42,0,40,41,67,54,-0.46471,-0.39582,0.631128,85478.51
05-05-2019,2,76,60,54,63,0,43,0,65,66,-0.90775,0.529753,0.258209,94363.16
12-05-2019,2,100,93,36,64,0,47,0,76,75,-0.41561,0.431946,0.639136,94363.16
19-05-2019,2,77,81,44,70,0,40,79,77,81,-0.04479,-0.10898,-0.4262,94363.16
26-05-2019,2,73,91,48,72,0,62,71,89,86,0.415607,-0.43195,-0.63914,95152.31
02-06-2019,2,65,95,54,76,0,66,47,98,83,0.415607,-0.43195,-0.63914,99887.2
09-06-2019,2,85,84,47,67,0,56,0,96,74,0.415607,-0.43195,-0.63914,99887.2
16-06-2019,2,54,71,53,63,0,36,40,75,71,0.504222,-0.46222,-0.10022,99887.2
23-06-2019,3,65,61,42,41,0,33,45,76,83,-0.41561,0.431946,0.639136,99887.2
30-06-2019,3,63,56,46,55,0,27,41,68,66,-0.50422,0.462215,0.100223,55307.66
07-07-2019,3,45,54,21,44,0,22,0,59,53,-0.41561,0.431946,0.639136,47877.74
14-07-2019,3,34,38,34,59,0,26,53,53,55,-0.90775,0.529753,0.258209,47877.74
21-07-2019,3,19,35,29,52,0,30,21,53,52,-0.41561,0.431946,0.639136,47877.74
28-07-2019,3,46,36,36,68,0,19,0,55,50,-0.41561,0.431946,0.639136,51854.87
04-08-2019,3,51,42,29,54,0,21,0,59,48,-0.41561,0.431946,0.639136,57157.71
11-08-2019,3,52,35,46,53,0,22,26,56,38,-0.04382,0.139248,-0.11271,57157.71
18-08-2019,3,35,32,22,45,0,21,36,53,45,-0.41561,0.431946,0.639136,57157.71
25-08-2019,3,33,32,10,53,0,21,28,42,38,-0.41561,0.431946,0.639136,57157.71
01-09-2019,3,41,34,26,57,0,20,37,47,37,0.044792,0.108978,0.426204,66549.7
08-09-2019,3,68,41,8,58,0,32,0,54,49,-0.95684,-0.29801,0.250201,66549.7
15-09-2019,3,49,45,24,30,0,22,0,49,44,-0.41561,0.431946,0.639136,66549.7
22-09-2019,4,44,41,28,56,0,26,0,54,50,0.044792,0.108978,0.426204,66549.7
29-09-2019,4,50,38,20,65,0,28,0,54,62,0.535963,-0.23706,0.493636,53419.68
06-10-2019,4,46,45,35,61,0,32,37,51,38,-0.44735,0.206785,0.045278,48167.68
13-10-2019,4,31,40,25,45,0,20,18,49,57,-0.50422,0.462215,0.100223,48167.68
20-10-2019,4,52,32,30,62,0,31,38,43,51,-0.41561,0.431946,0.639136,48167.68
27-10-2019,4,68,47,29,70,0,27,31,56,63,-0.53596,0.237055,-0.49364,43331.15
03-11-2019,4,60,48,35,64,0,39,0,58,50,-0.41561,0.431946,0.639136,31239.83
10-11-2019,4,45,48,21,65,0,36,44,64,72,-0.90775,0.529753,0.258209,31239.83
17-11-2019,4,51,46,12,48,0,40,100,61,64,-0.41561,0.431946,0.639136,31239.83
24-11-2019,4,62,55,27,57,0,48,19,63,65,-0.41561,0.431946,0.639136,31239.83
01-12-2019,4,74,52,37,70,0,46,0,63,74,-0.41561,0.431946,0.639136,44932.1
08-12-2019,4,73,62,35,84,0,66,44,85,67,-0.41561,0.431946,0.639136,44932.1
15-12-2019,4,68,93,42,94,0,92,50,98,97,-0.41561,0.431946,0.639136,44932.1
22-12-2019,4,96,100,100,87,0,100,49,100,100,0.415607,-0.43195,-0.63914,44932.1
29-12-2019,4,81,75,70,100,0,93,48,92,86,-0.58506,-0.59071,-0.50164,54473.77
05-01-2020,1,100,66,65,80,0,77,66,92,98,-0.41561,0.431946,0.639136,61630.03
12-01-2020,1,65,46,100,99,0,56,0,80,60,-0.95684,-0.29801,0.250201,61630.03
19-01-2020,1,50,44,92,50,0,38,41,55,65,-0.41561,0.431946,0.639136,61630.03
26-01-2020,1,43,45,17,75,0,37,47,55,63,-0.46471,-0.39582,0.631128,57509.46
02-02-2020,1,55,38,63,55,0,40,34,49,79,-0.41561,0.431946,0.639136,32786
09-02-2020,1,52,44,33,51,0,34,64,47,55,0.585061,0.590708,0.501644,32786
16-02-2020,1,84,51,46,49,0,42,51,56,54,0.043823,-0.13925,0.112709,32786
23-02-2020,1,53,42,47,63,0,33,0,57,62,-0.41561,0.431946,0.639136,32786
01-03-2020,1,58,39,48,60,0,41,43,58,53,-0.41561,0.431946,0.639136,13776
08-03-2020,1,44,30,44,55,14,36,0,50,44,-0.44735,0.206785,0.045278,13776
15-03-2020,1,31,17,17,50,19,28,0,33,29,0.585061,0.590708,0.501644,13776
22-03-2020,2,5,6,0,63,112,15,0,27,23,-0.46471,-0.39582,0.631128,13776
29-03-2020,2,11,5,0,27,132,15,33,24,28,-0.50422,0.462215,0.100223,5907.333
05-04-2020,2,10,5,23,24,146,17,0,24,33,0.956845,0.29801,-0.2502,5.833333
12-04-2020,2,10,8,0,33,88,17,0,26,15,-0.44735,0.206785,0.045278,5.833333
19-04-2020,2,17,7,0,38,44,16,30,27,36,-0.41561,0.431946,0.639136,5.833333
26-04-2020,2,0,5,26,22,180,22,0,28,31,0.585061,0.590708,0.501644,5.650538
03-05-2020,2,12,0,21,36,488,23,24,29,37,-0.50422,0.462215,0.100223,5.193548
10-05-2020,2,19,8,11,43,1262,17,20,27,35,-0.41561,0.431946,0.639136,5.193548
17-05-2020,2,27,8,30,45,1422,21,29,29,26,0.496446,0.620978,-0.03727,5.193548
24-05-2020,2,18,8,14,47,1305,23,37,28,22,0.415607,-0.43195,-0.63914,5.193548
31-05-2020,2,12,6,44,28,1401,26,48,29,34,0.415607,-0.43195,-0.63914,0.741935
07-06-2020,2,16,5,0,44,2260,18,53,30,26,0.415607,-0.43195,-0.63914,0
14-06-2020,2,6,6,0,40,2536,17,16,26,30,0.415607,-0.43195,-0.63914,0
21-06-2020,3,12,8,26,34,1980,16,15,29,36,-0.90775,0.529753,0.258209,0
28-06-2020,3,10,4,20,60,2437,21,70,28,34,-0.41561,0.431946,0.639136,0
05-07-2020,3,0,9,23,36,4501,24,0,29,34,-0.41561,0.431946,0.639136,0
12-07-2020,3,11,7,22,43,7459,24,0,30,31,-0.41561,0.431946,0.639136,0
19-07-2020,3,15,8,22,54,8090,18,0,31,40,-0.41561,0.431946,0.639136,0
26-07-2020,3,17,10,17,43,8886,14,0,26,30,-0.41561,0.431946,0.639136,0
02-08-2020,3,28,12,0,43,9855,14,18,29,25,0.044792,0.108978,0.426204,0
09-08-2020,3,26,9,20,38,10208,13,38,29,24,-0.95684,-0.29801,0.250201,0
16-08-2020,3,4,10,38,40,11664,16,33,28,37,-0.41561,0.431946,0.639136,0
23-08-2020,3,5,9,21,48,18014,15,0,29,31,-0.41561,0.431946,0.639136,0
30-08-2020,3,37,15,10,42,27854,15,53,30,27,0.044792,0.108978,0.426204,3787.833
06-09-2020,3,19,13,14,51,29040,17,32,31,35,-0.41561,0.431946,0.639136,5302.967
13-09-2020,3,9,16,14,60,24244,17,35,34,49,-0.41561,0.431946,0.639136,5302.967
20-09-2020,4,20,26,50,46,21078,16,20,38,54,-0.90775,0.529753,0.258209,5302.967
27-09-2020,4,32,31,10,59,18327,22,22,40,41,0.585061,0.590708,0.501644,6047.88
04-10-2020,4,22,33,35,49,18303,23,42,42,44,-0.41561,0.431946,0.639136,7041.097
11-10-2020,4,22,28,39,46,18706,23,100,41,50,-0.41561,0.431946,0.639136,7041.097
18-10-2020,4,26,24,29,29,24192,20,36,34,43,0.496446,0.620978,-0.03727,7041.097
25-10-2020,4,24,37,25,65,40498,30,0,42,46,0.585061,0.590708,0.501644,7041.097
01-11-2020,4,26,30,0,49,48207,30,30,43,47,-0.46471,-0.39582,0.631128,6109.833
08-11-2020,4,26,27,27,43,53396,19,0,37,40,-0.41561,0.431946,0.639136,6109.833
15-11-2020,4,40,44,25,60,57599,41,33,56,53,1.04546,0.267741,0.288712,6109.833
22-11-2020,4,33,31,36,77,54381,42,0,57,58,-0.90775,0.529753,0.258209,6109.833
29-11-2020,4,38,27,42,64,43692,42,42,47,63,0.044792,0.108978,0.426204,13856.31
06-12-2020,4,37,36,27,49,31459,45,44,56,64,0.585061,0.590708,0.501644,16954.9
13-12-2020,4,57,53,59,65,16931,73,21,73,100,0.585061,0.590708,0.501644,16954.9
20-12-2020,4,57,75,30,87,7426,68,82,79,88,0.956845,0.29801,-0.2502,16954.9
27-12-2020,4,80,100,79,100,5072,100,24,100,100,0.415607,-0.43195,-0.63914,17355.55
03-01-2021,1,83,87,94,88,3244,100,23,100,93,-0.41561,0.431946,0.639136,18357.16
10-01-2021,1,69,71,43,67,2607,74,28,66,70,-0.55332,-0.36555,0.092215,18357.16
17-01-2021,1,39,73,33,70,3263,59,23,73,72,-0.46471,-0.39582,0.631128,18357.16
24-01-2021,1,32,66,47,89,3055,50,15,70,51,-0.90775,0.529753,0.258209,18357.16
31-01-2021,1,79,66,63,70,1759,54,36,79,67,-0.41561,0.431946,0.639136,13292.59
07-02-2021,1,50,66,52,66,2778,45,30,66,57,0.585061,0.590708,0.501644,12448.5
14-02-2021,1,78,43,48,58,4491,46,19,59,47,0.092922,0.688516,0.120717,12448.5
21-02-2021,1,42,44,49,61,6638,35,0,57,62,0.585061,0.590708,0.501644,12448.5
28-02-2021,1,62,50,29,55,12713,33,26,61,60,-0.41561,0.431946,0.639136,13831.2
07-03-2021,1,52,52,74,54,22014,45,21,59,62,-0.04382,0.139248,-0.11271,14061.65
14-03-2021,1,41,41,35,42,31490,35,13,57,60,-0.41561,0.431946,0.639136,14061.65
21-03-2021,2,44,46,80,67,51480,32,0,55,46,-0.41561,0.431946,0.639136,14061.65
28-03-2021,2,48,45,36,66,81696,38,100,61,53,0.956845,0.29801,-0.2502,10759.73
04-04-2021,2,31,29,27,37,122490,25,27,51,40,-0.41561,0.431946,0.639136,6357.167
11-04-2021,2,25,20,26,40,192893,28,0,39,41,-1.04546,-0.26774,-0.28871,6357.167
18-04-2021,2,28,14,0,34,265049,22,0,40,36,-0.46471,-0.39582,0.631128,6357.167
25-04-2021,2,12,11,38,48,226379,27,0,34,38,-0.41561,0.431946,0.639136,5712.258
02-05-2021,2,14,8,13,60,135149,26,20,37,36,0.585061,0.590708,0.501644,1842.806
09-05-2021,2,21,11,15,38,70626,21,0,32,50,0.585061,0.590708,0.501644,1842.806
16-05-2021,2,40,10,37,44,40493,27,0,31,47,0.585061,0.590708,0.501644,1842.806
23-05-2021,2,44,14,27,29,22515,18,0,33,43,0.415607,-0.43195,-0.63914,1842.806
30-05-2021,2,36,17,37,51,13339,32,30,41,40,0.415607,-0.43195,-0.63914,15084.35
06-06-2021,2,37,28,20,36,10337,42,30,46,54,0.415607,-0.43195,-0.63914,20380.97
13-06-2021,2,44,47,77,66,8996,46,25,64,53,0.415607,-0.43195,-0.63914,20380.97
20-06-2021,3,34,68,71,54,7492,47,37,74,71,0.044792,0.108978,0.426204,20380.97
27-06-2021,3,50,70,100,65,7027,64,55,82,67,-0.41561,0.431946,0.639136,22807.33
04-07-2021,3,56,69,67,59,10741,55,0,83,100,-0.41561,0.431946,0.639136,26042.48
11-07-2021,3,42,43,55,56,17173,43,18,67,56,0.044792,0.108978,0.426204,26042.48
18-07-2021,3,48,44,52,44,18241,32,26,58,62,-0.46471,-0.39582,0.631128,26042.48
25-07-2021,3,25,33,77,55,14072,29,30,56,51,-0.41561,0.431946,0.639136,26042.48
01-08-2021,3,40,32,23,52,12132,29,0,47,44,-0.41561,0.431946,0.639136,10198.77
08-08-2021,3,27,27,18,42,11629,26,0,41,41,-0.41561,0.431946,0.639136,10198.77
15-08-2021,3,33,27,73,49,10991,22,23,43,34,1.04546,0.267741,0.288712,10198.77
22-08-2021,3,47,37,17,47,12244,27,0,52,49,-0.41561,0.431946,0.639136,10198.77
29-08-2021,3,25,41,48,51,11626,27,0,52,60,0.044792,0.108978,0.426204,12365.44
05-09-2021,3,63,36,61,45,9808,30,0,50,54,0.585061,0.590708,0.501644,13990.43
12-09-2021,3,63,37,45,45,9280,24,0,57,59,-0.41561,0.431946,0.639136,13990.43
19-09-2021,4,54,43,77,61,10021,39,0,56,62,-0.50422,0.462215,0.100223,13990.43
26-09-2021,4,65,49,42,57,13322,32,52,59,54,-0.41561,0.431946,0.639136,14757.75
03-10-2021,4,51,48,40,48,10583,28,0,56,62,-0.50422,0.462215,0.100223,16676.03
10-10-2021,4,55,43,61,59,7810,38,31,57,89,0.415607,-0.43195,-0.63914,16676.03
17-10-2021,4,61,48,50,56,1999,39,0,59,58,-0.95684,-0.29801,0.250201,16676.03
24-10-2021,4,75,38,76,49,5754,33,0,48,56,-0.41561,0.431946,0.639136,16676.03
31-10-2021,4,55,41,23,61,4820,34,46,47,48,0.496446,0.620978,-0.03727,25072.69
07-11-2021,4,91,52,57,52,3591,41,29,66,81,-0.46471,-0.39582,0.631128,26472.13
14-11-2021,4,99,56,55,64,2817,45,28,64,89,0.585061,0.590708,0.501644,26472.13
21-11-2021,4,85,53,73,66,3290,39,29,68,66,-0.46471,-0.39582,0.631128,26472.13
28-11-2021,4,66,51,14,73,16028,41,47,69,87,0.044792,0.108978,0.426204,40860.3
05-12-2021,4,64,66,52,76,63752,59,58,67,88,0.044792,0.108978,0.426204,51651.42
12-12-2021,4,83,84,74,59,110903,88,0,85,96,-0.41561,0.431946,0.639136,51651.42
19-12-2021,4,95,100,87,100,72675,97,48,91,90,0.092922,0.688516,0.120717,51651.42
26-12-2021,4,100,89,32,56,49323,77,86,96,83,0.415607,-0.43195,-0.63914,51482
02-01-2022,1,44,59,85,65,27142,65,81,89,61,-0.41561,0.431946,0.639136,50465.48
09-01-2022,1,42,37,44,75,13935,66,0,71,66,0.496446,0.620978,-0.03727,50465.48
16-01-2022,1,22,52,37,76,8525,54,33,65,57,-0.41561,0.431946,0.639136,50465.48
23-01-2022,1,62,77,100,100,3968,60,26,85,69,-0.46471,-0.39582,0.631128,50465.48
30-01-2022,1,47,62,90,94,3121,47,59,82,62,-0.90775,0.529753,0.258209,51863
06-02-2022,1,45,51,62,65,2125,39,30,69,55,-0.41561,0.431946,0.639136,52422
13-02-2022,1,42,39,70,72,1331,36,30,67,64,-0.49645,-0.62098,0.03727,52422
20-02-2022,1,48,55,65,78,763,43,40,73,60,-0.41561,0.431946,0.639136,52422
27-02-2022,1,60,57,76,42,461,38,32,68,60,-0.90775,0.529753,0.258209,57165.29
06-03-2022,1,58,44,48,59,434,42,55,65,58,-0.41561,0.431946,0.639136,59062.61
13-03-2022,1,74,62,47,78,474,42,100,81,63,0.496446,0.620978,-0.03727,59062.61
20-03-2022,1,65,55,85,52,390,38,61,76,58,-0.41561,0.431946,0.639136,59062.61
27-03-2022,1,62,52,70,59,447,39,36,64,66,-0.41561,0.431946,0.639136,61820.05
03-04-2022,2,68,57,61,78,520,44,41,69,67,-0.41561,0.431946,0.639136,68713.63
10-04-2022,2,57,80,69,71,308,53,60,87,68,0.496446,0.620978,-0.03727,68713.63
17-04-2022,2,61,51,88,55,478,43,33,73,66,-0.41561,0.431946,0.639136,68713.63
24-04-2022,2,78,56,83,81,955,50,33,80,74,0.585061,0.590708,0.501644,68713.63
01-05-2022,2,71,62,75,79,1196,51,34,84,76,-0.90775,0.529753,0.258209,79825.52
08-05-2022,2,80,68,92,74,2123,63,79,84,84,0.044792,0.108978,0.426204,79825.52
15-05-2022,2,58,81,97,75,1,61,74,97,90,0.044792,0.108978,0.426204,79825.52
22-05-2022,2,75,83,85,82,1,65,53,97,100,0.415607,-0.43195,-0.63914,79825.52
29-05-2022,2,66,84,87,84,1,73,39,95,83,0.415607,-0.43195,-0.63914,85880
05-06-2022,2,73,100,77,86,1,72,44,100,97,0.415607,-0.43195,-0.63914,90420.87
12-06-2022,2,45,75,79,86,1,56,29,91,92,0.415607,-0.43195,-0.63914,90420.87
19-06-2022,2,62,79,50,60,1,49,25,88,78,-0.90775,0.529753,0.258209,90420.87
26-06-2022,2,42,59,57,87,1,43,44,78,77,0.585061,0.590708,0.501644,72926.53
03-07-2022,3,38,43,67,69,1,35,24,67,64,-0.41561,0.431946,0.639136,29190.68
10-07-2022,3,28,39,51,58,1,28,0,58,60,-0.46471,-0.39582,0.631128,29190.68
17-07-2022,3,26,38,34,55,1,25,0,57,66,-0.41561,0.431946,0.639136,29190.68
24-07-2022,3,34,31,40,48,1,27,0,56,54,-0.41561,0.431946,0.639136,29190.68
31-07-2022,3,31,29,55,53,1,25,0,56,55,-0.41561,0.431946,0.639136,27861.19
07-08-2022,3,39,46,77,58,1,26,26,61,56,-0.99636,0.560022,-0.2807,27639.61
14-08-2022,3,41,43,63,59,1,26,68,63,52,0.464705,0.395818,-0.63113,27639.61
21-08-2022,3,37,32,54,50,1,30,53,55,50,-0.41561,0.431946,0.639136,27639.61
28-08-2022,3,47,34,43,50,1,23,22,50,45,-0.46471,-0.39582,0.631128,27787.66
04-09-2022,3,38,41,50,54,1,27,43,52,53,-0.50422,0.462215,0.100223,27985.07
11-09-2022,3,47,36,64,51,1,30,44,62,55,-0.41561,0.431946,0.639136,27985.07
18-09-2022,3,29,40,45,62,1,34,55,64,63,0.585061,0.590708,0.501644,27985.07
25-09-2022,3,100,32,42,51,1,29,35,55,58,0.044792,0.108978,0.426204,28320.46
02-10-2022,4,65,39,92,68,1,36,56,58,62,-0.49645,-0.62098,0.03727,30332.81
09-10-2022,4,55,39,92,62,1,40,0,60,56,-0.50422,0.462215,0.100223,30332.81
16-10-2022,4,39,34,52,65,1,29,26,48,49,-0.41561,0.431946,0.639136,30332.81
23-10-2022,4,63,41,60,58,1,30,19,57,53,-0.49645,-0.62098,0.03727,30332.81
30-10-2022,4,44,44,52,63,1,33,22,55,66,0.044792,0.108978,0.426204,29941.68
06-11-2022,4,49,46,25,58,1,28,29,56,61,-0.90775,0.529753,0.258209,29785.23
13-11-2022,4,46,52,49,63,1,52,0,63,64,-0.41561,0.431946,0.639136,29785.23
20-11-2022,4,46,50,53,57,1,42,24,57,66,-0.50422,0.462215,0.100223,29785.23
27-11-2022,4,54,48,98,74,1,42,39,61,64,-0.41561,0.431946,0.639136,37547.2
04-12-2022,4,59,50,39,59,1,56,40,62,62,-0.41561,0.431946,0.639136,47896.48
11-12-2022,4,66,59,90,61,1,58,19,65,68,-0.41561,0.431946,0.639136,47896.48
18-12-2022,4,59,63,80,99,1,80,80,80,66,-0.04382,0.139248,-0.11271,47896.48
25-12-2022,4,54,80,69,81,1,100,99,94,74,0.415607,-0.43195,-0.63914,47896.48